,Date,ID,bin_pink,polarity,subjectivity,intensity,base_polarity,base_subjectivity
0,12/1/2009,11-1,1,-0.1,0.3,-0.1,-0.00011017029912378375,0.35943008380508384
1,12/1/2009,11-1,1,-0.1,0.5,-0.1,-0.00011017029912378375,0.35943008380508384
2,10/27/2013,15-1,1,0.021693121693121684,0.4133597883597884,0.021693121693121684,0.13968510153292762,0.36403277077190116
3,10/27/2013,15-1,1,-0.1,0.3,-0.1,0.13968510153292762,0.36403277077190116
4,10/27/2013,15-1,1,-0.05,0.125,-0.05,0.13968510153292762,0.36403277077190116
5,10/27/2013,15-1,1,0.13,0.4900000000000001,0.13,0.13968510153292762,0.36403277077190116
6,10/27/2013,15-1,1,-0.05,0.65,-0.05,0.13968510153292762,0.36403277077190116
7,10/27/2013,15-1,1,-0.06666666666666668,0.5,-0.06666666666666668,0.13968510153292762,0.36403277077190116
8,10/27/2013,15-1,1,0.2,0.4,0.2,0.13968510153292762,0.36403277077190116
9,10/27/2013,15-1,1,0.2083333333333333,0.5178571428571429,0.2083333333333333,0.13968510153292762,0.36403277077190116
10,10/7/2011,16-1,1,-0.0625,0.4875,-0.0625,0.05125,0.45
11,10/7/2011,16-1,1,-0.030000000000000006,0.5,-0.030000000000000006,0.05125,0.45
12,10/7/2011,16-1,1,-0.010000000000000005,0.2466666666666667,-0.010000000000000005,0.05125,0.45
13,10/7/2011,16-1,1,0.025,0.14166666666666666,0.025,0.05125,0.45
14,10/7/2011,16-1,1,-0.1,0.3,-0.1,0.05125,0.45
15,10/7/2011,16-1,1,-0.05,0.4,-0.05,0.05125,0.45
16,10/7/2011,16-1,1,-0.05,0.65,-0.05,0.05125,0.45
17,10/7/2011,16-1,1,0.14727272727272725,0.5599999999999999,0.14727272727272725,0.05125,0.45
18,10/7/2011,16-1,1,-0.1125,0.3375,-0.1125,0.05125,0.45
19,10/7/2011,16-1,1,0.055000000000000014,0.51,0.055000000000000014,0.05125,0.45
20,10/7/2011,16-1,1,-0.2,0.35,-0.2,0.05125,0.45
21,10/7/2011,16-1,1,0.07916666666666666,0.6583333333333333,0.07916666666666666,0.05125,0.45
22,10/4/2013,17-1,1,-0.1,0.3,-0.1,0.16433705183705183,0.33631969881969875
23,10/4/2013,17-1,1,0.3,0.55,0.3,0.16433705183705183,0.33631969881969875
24,10/4/2013,17-1,1,-0.1,0.3,-0.1,0.16433705183705183,0.33631969881969875
25,10/4/2013,17-1,1,-0.07777777777777779,0.6266666666666667,-0.07777777777777779,0.16433705183705183,0.33631969881969875
26,10/4/2013,17-1,1,0.01818181818181817,0.3772727272727273,0.01818181818181817,0.16433705183705183,0.33631969881969875
27,10/4/2013,17-1,1,-0.1,0.3,-0.1,0.16433705183705183,0.33631969881969875
28,10/4/2013,17-1,1,-0.1,0.3,-0.1,0.16433705183705183,0.33631969881969875
29,10/4/2013,17-1,1,0.16666666666666669,0.5666666666666667,0.16666666666666669,0.16433705183705183,0.33631969881969875
30,10/4/2013,17-1,1,0.2,0.30000000000000004,0.2,0.16433705183705183,0.33631969881969875
31,6/11/2012,18-1,1,-0.025,0.28750000000000003,-0.025,0.031662679425837316,0.242813995215311
32,6/11/2012,18-1,1,-0.09,0.43666666666666665,-0.09,0.031662679425837316,0.242813995215311
33,6/11/2012,18-1,1,-0.1,0.3,-0.1,0.031662679425837316,0.242813995215311
34,6/11/2012,18-1,1,0.09545454545454546,0.55,0.09545454545454546,0.031662679425837316,0.242813995215311
35,6/11/2012,18-1,1,-0.1,0.3,-0.1,0.031662679425837316,0.242813995215311
36,10/1/2014,20-1,1,-0.1,0.3,-0.1,0.06315789473684211,0.22834168755221387
37,10/22/2011,9-11,1,-0.03333333333333333,0.4749999999999999,-0.03333333333333333,0.01579471664698938,0.31854707792207787
38,10/22/2011,9-11,1,-0.05,0.65,-0.05,0.01579471664698938,0.31854707792207787
39,10/22/2011,9-11,1,-0.11666666666666665,0.3333333333333333,-0.11666666666666665,0.01579471664698938,0.31854707792207787
40,10/22/2011,9-11,1,-0.10357142857142856,0.4357142857142857,-0.10357142857142856,0.01579471664698938,0.31854707792207787
41,9/18/2011,9-14,1,0.15000000000000002,0.35,0.15000000000000002,0.13823717948717945,0.5464726495726497
42,9/18/2011,9-14,1,0.1625,0.525,0.1625,0.13823717948717945,0.5464726495726497
43,9/18/2011,9-14,1,0.042857142857142864,0.3845238095238095,0.042857142857142864,0.13823717948717945,0.5464726495726497
44,9/18/2011,9-14,1,-0.03333333333333333,0.18333333333333332,-0.03333333333333333,0.13823717948717945,0.5464726495726497
45,9/18/2011,9-14,1,-0.075,0.26666666666666666,-0.075,0.13823717948717945,0.5464726495726497
46,9/18/2011,9-14,1,0.00833333333333334,0.5314814814814814,0.00833333333333334,0.13823717948717945,0.5464726495726497
47,9/18/2011,9-14,1,0.25,0.65,0.25,0.13823717948717945,0.5464726495726497
48,9/18/2011,9-14,1,0.18,0.5199999999999999,0.18,0.13823717948717945,0.5464726495726497
49,9/18/2011,9-14,1,-0.325,0.25,-0.325,0.13823717948717945,0.5464726495726497
50,9/18/2011,9-14,1,-0.02,0.28500000000000003,-0.02,0.13823717948717945,0.5464726495726497
51,9/18/2011,9-14,1,-0.1,0.3,-0.1,0.13823717948717945,0.5464726495726497
52,2/28/2013,9-16,1,0.15000000000000002,0.55,0.15000000000000002,0.026520562770562757,0.36332341269841273
53,2/28/2013,9-16,1,-0.05,0.15,-0.05,0.026520562770562757,0.36332341269841273
54,3/14/2013,9-17,1,-0.1,0.3,-0.1,0.12004704330461904,0.5138576530091681
55,3/9/2011,9-25,1,0.2,0.4,0.2,-0.03676398508898509,0.4322183742183742
56,1/28/2012,10-1,1,0.06666666666666668,0.30000000000000004,0.06666666666666668,0.10683743339993342,0.29103142228142226
57,2/7/2012,10-2,1,0.05,0.3,0.05,0.15962962962962962,0.16092592592592592
58,2/7/2012,10-2,1,0.05,0.20000000000000004,0.05,0.15962962962962962,0.16092592592592592
59,6/13/2012,10-4,1,-0.0851851851851852,0.5296296296296297,-0.0851851851851852,0.09285431344254876,0.29241544597637026
60,6/19/2012,10-6,1,-0.1,0.3,-0.1,0.14804903413769693,0.375042527885551
61,7/18/2012,10-9,1,-0.1,0.3,-0.1,0.13494224829751147,0.3515671122250071
62,8/9/2012,10-10,1,0.25,0.45,0.25,0.1134717519583591,0.42866403190063895
63,8/9/2012,10-10,1,-0.025,0.3,-0.025,0.1134717519583591,0.42866403190063895
64,12/6/2012,10-11,1,0.03333333333333333,0.2,0.03333333333333333,0.10365761689291102,0.3018891402714932
65,1/26/2013,10-14,1,0.18611111111111112,0.5222222222222223,0.18611111111111112,0.10710495253440039,0.3267594712149927
66,10/16/2013,10-19,1,-0.19583333333333336,0.4208333333333333,-0.19583333333333336,0.14040638545268175,0.3356438811531404
67,2/4/2014,10-20,1,0.35,0.65,0.35,0.24188862834696165,0.5889324795574795
68,10/27/2015,23-21,1,0.11666666666666665,0.65,0.11666666666666665,0.0957697510822511,0.4406286421911421
69,10/23/2015,23-22,1,-0.03333333333333333,0.26666666666666666,-0.03333333333333333,0.11425396825396825,0.4535515873015873
70,10/23/2015,23-22,1,0.5,0.7666666666666666,0.5,0.11425396825396825,0.4535515873015873
71,10/23/2015,23-22,1,-0.021088435374149662,0.3431972789115646,-0.021088435374149662,0.11425396825396825,0.4535515873015873
72,10/23/2015,23-22,1,0.07433862433862434,0.44100529100529096,0.07433862433862434,0.11425396825396825,0.4535515873015873
73,10/19/2015,23-23,1,-0.3,0.65,-0.3,0.2865440115440115,0.5232683982683982
74,10/19/2015,23-23,1,-0.04,0.12,-0.04,0.2865440115440115,0.5232683982683982
75,10/5/2015,23-28,1,-0.03999999999999999,0.42,-0.03999999999999999,0.038522229686022785,0.3521825396825397
76,10/5/2015,23-28,1,-0.12222222222222225,0.3444444444444444,-0.12222222222222225,0.038522229686022785,0.3521825396825397
77,9/21/2015,23-34,1,0.2,0.4,0.2,0.09296622237411711,0.2721574770258981
78,9/21/2015,23-34,1,0.21666666666666667,0.35000000000000003,0.21666666666666667,0.09296622237411711,0.2721574770258981
79,9/21/2015,23-34,1,-0.21083333333333332,0.3533333333333333,-0.21083333333333332,0.09296622237411711,0.2721574770258981
80,9/21/2015,23-34,1,0.04,0.1953846153846154,0.04,0.09296622237411711,0.2721574770258981
81,9/21/2015,23-34,1,-0.10000000000000002,0.3,-0.10000000000000002,0.09296622237411711,0.2721574770258981
82,6/1/2015,23-68,1,-0.1,0.3,-0.1,-0.009131393298059972,0.1773126102292769
83,6/1/2015,23-68,1,-0.06666666666666668,0.3,-0.06666666666666668,-0.009131393298059972,0.1773126102292769
84,6/1/2015,23-68,1,-0.05,0.15,-0.05,-0.009131393298059972,0.1773126102292769
85,6/1/2015,23-68,1,-0.1,0.3,-0.1,-0.009131393298059972,0.1773126102292769
86,11/10/2014,23-121,1,0.0,0.45,0.0,0.009895833333333335,0.1908564814814815
87,10/25/2014,23-125,1,0.2,0.4,0.2,0.12645502645502646,0.25810345518678857
88,10/23/2014,23-127,1,-0.06666666666666668,0.2375,-0.06666666666666668,0.1703849206349206,0.36231944444444447
89,10/23/2014,23-127,1,-9.251858538542969e-18,0.5666666666666667,-9.251858538542969e-18,0.1703849206349206,0.36231944444444447
90,10/23/2014,23-127,1,-0.1,0.3,-0.1,0.1703849206349206,0.36231944444444447
91,10/23/2014,23-127,1,0.2055555555555556,0.5222222222222223,0.2055555555555556,0.1703849206349206,0.36231944444444447
92,10/23/2014,23-127,1,-0.1027777777777778,0.2444444444444445,-0.1027777777777778,0.1703849206349206,0.36231944444444447
93,10/13/2014,23-137,1,-0.14375,0.4,-0.14375,0.0206777812134955,0.40079459561602415
94,2/28/2016,26-3,1,-0.075,0.225,-0.075,0.20113143150252524,0.502368833423521
95,2/28/2016,26-3,1,-0.05,0.525,-0.05,0.20113143150252524,0.502368833423521
96,2/13/2016,26-5,1,-0.35,0.55,-0.35,0.012727669982134265,0.3637892888636936
97,2/13/2016,26-5,1,-0.1125,0.3375,-0.1125,0.012727669982134265,0.3637892888636936
98,2/13/2016,26-5,1,-0.2,0.14166666666666666,-0.2,0.012727669982134265,0.3637892888636936
99,2/13/2016,26-5,1,-0.1,0.3,-0.1,0.012727669982134265,0.3637892888636936
100,1/30/2016,26-6,1,0.15428571428571428,0.4771428571428572,0.15428571428571428,0.02648558413264296,0.2808005828594063
101,1/30/2016,26-6,1,-0.05,0.22142857142857145,-0.05,0.02648558413264296,0.2808005828594063
102,1/2/2016,26-8,1,-0.1,0.3,-0.1,0.02726561713480319,0.43304634803181297
103,1/2/2016,26-8,1,-0.25,0.6,-0.25,0.02726561713480319,0.43304634803181297
104,1/2/2016,26-8,1,-0.008333333333333337,0.6083333333333333,-0.008333333333333337,0.02726561713480319,0.43304634803181297
105,1/2/2016,26-8,1,-0.4,0.4,-0.4,0.02726561713480319,0.43304634803181297
106,10/31/2015,26-11,1,0.02,0.48,0.02,0.06239641311069882,0.20479591836734695
107,10/31/2015,26-11,1,-0.35,0.6,-0.35,0.06239641311069882,0.20479591836734695
108,10/31/2015,26-11,1,-0.1,0.3,-0.1,0.06239641311069882,0.20479591836734695
109,9/23/2015,26-12,1,-0.43333333333333335,0.5777777777777778,-0.43333333333333335,0.039762479871175524,0.21806834067703637
110,9/7/2015,26-13,1,-0.1106060606060606,0.5757575757575758,-0.1106060606060606,0.024838023088023083,0.33946251202501204
111,9/7/2015,26-13,1,-0.03333333333333333,0.3666666666666667,-0.03333333333333333,0.024838023088023083,0.33946251202501204
112,9/7/2015,26-13,1,-0.175,0.65,-0.175,0.024838023088023083,0.33946251202501204
113,5/24/2015,26-17,1,0.14,0.56,0.14,0.08402777777777778,0.27548076923076925
114,1/1/2015,26-22,1,0.3833333333333333,0.5833333333333334,0.3833333333333333,0.07482805555555556,0.26357886904761907
115,1/1/2015,26-22,1,0.0,0.2,0.0,0.07482805555555556,0.26357886904761907
116,1/1/2015,26-22,1,-0.05,0.15,-0.05,0.07482805555555556,0.26357886904761907
117,10/29/2014,26-25,1,-0.05,0.15,-0.05,0.010454545454545452,0.30165404040404037
118,10/11/2014,26-26,1,0.10952380952380954,0.4714285714285715,0.10952380952380954,0.06779552540713255,0.35709356505487455
119,10/11/2014,26-26,1,-0.06666666666666668,0.39166666666666666,-0.06666666666666668,0.06779552540713255,0.35709356505487455
120,9/29/2014,26-27,1,-0.55,0.65,-0.55,0.025590513983371133,0.27543761628583063
121,9/29/2014,26-27,1,-0.1,0.3,-0.1,0.025590513983371133,0.27543761628583063
122,9/29/2014,26-27,1,0.009090909090909087,0.18863636363636366,0.009090909090909087,0.025590513983371133,0.27543761628583063
123,9/29/2014,26-27,1,-0.109375,0.421875,-0.109375,0.025590513983371133,0.27543761628583063
124,9/29/2014,26-27,1,0.0,0.2,0.0,0.025590513983371133,0.27543761628583063
125,9/29/2014,26-27,1,-0.06666666666666668,0.2,-0.06666666666666668,0.025590513983371133,0.27543761628583063
126,2/22/2014,26-29,1,-0.1,0.3,-0.1,0.0069444444444444475,0.34722222222222215
127,10/30/2013,26-31,1,-0.3,0.7000000000000001,-0.3,0.175,0.5833333333333333
128,10/30/2013,26-31,1,-0.06266233766233767,0.3113636363636364,-0.06266233766233767,0.175,0.5833333333333333
129,10/30/2013,26-31,1,0.012500000000000004,0.2375,0.012500000000000004,0.175,0.5833333333333333
130,10/30/2013,26-31,1,-0.1,0.3,-0.1,0.175,0.5833333333333333
131,10/13/2013,26-32,1,-0.1,0.3,-0.1,0.06380502082629742,0.26291990318586056
132,10/13/2013,26-32,1,0.0375,0.2791666666666667,0.0375,0.06380502082629742,0.26291990318586056
133,9/29/2013,26-33,1,0.0,0.175,0.0,0.016160178796897545,0.25914630869708993
134,9/29/2013,26-33,1,-0.04,0.18,-0.04,0.016160178796897545,0.25914630869708993
135,9/29/2013,26-33,1,0.13333333333333333,0.3962962962962963,0.13333333333333333,0.016160178796897545,0.25914630869708993
136,9/29/2013,26-33,1,-0.029464285714285717,0.4544642857142857,-0.029464285714285717,0.016160178796897545,0.25914630869708993
137,9/29/2013,26-33,1,-0.1,0.3,-0.1,0.016160178796897545,0.25914630869708993
138,9/29/2013,26-33,1,-0.03333333333333333,0.43333333333333335,-0.03333333333333333,0.016160178796897545,0.25914630869708993
139,9/29/2013,26-33,1,0.0,0.13333333333333333,0.0,0.016160178796897545,0.25914630869708993
140,4/4/2013,26-36,1,0.115,0.435,0.115,0.09558410188844971,0.2993420749942489
141,2/6/2013,26-41,1,0.25,0.55,0.25,0.1380657407407407,0.39195092592592584
142,2/6/2013,26-41,1,-0.1,0.3,-0.1,0.1380657407407407,0.39195092592592584
143,2/6/2013,26-41,1,0.16666666666666666,0.4,0.16666666666666666,0.1380657407407407,0.39195092592592584
144,2/6/2013,26-41,1,0.075,0.4116071428571428,0.075,0.1380657407407407,0.39195092592592584
145,2/6/2013,26-41,1,-0.45,0.25,-0.45,0.1380657407407407,0.39195092592592584
146,9/30/2012,26-48,1,-0.1,0.3,-0.1,0.07220616443177419,0.24550073909830006
147,9/30/2012,26-48,1,-0.1,0.3,-0.1,0.07220616443177419,0.24550073909830006
148,7/28/2012,26-50,1,0.25,0.65,0.25,-0.017811196379378204,0.3026174625038262
149,7/28/2012,26-50,1,-0.1,0.3,-0.1,-0.017811196379378204,0.3026174625038262
150,6/12/2012,26-54,1,-0.1,0.3,-0.1,0.08217019331243468,0.371359064785789
151,6/12/2012,26-54,1,-0.1,0.3,-0.1,0.08217019331243468,0.371359064785789
152,6/12/2012,26-54,1,0.18333333333333332,0.6166666666666666,0.18333333333333332,0.08217019331243468,0.371359064785789
153,5/4/2012,26-59,1,-0.06666666666666668,0.21666666666666667,-0.06666666666666668,0.08947865936147187,0.33158109179593553
154,5/4/2012,26-59,1,-0.15,0.5333333333333333,-0.15,0.08947865936147187,0.33158109179593553
155,3/10/2012,26-67,1,-0.02083333333333336,0.4083333333333334,-0.02083333333333336,0.014741852063280632,0.2875825387134911
156,2/12/2012,26-70,1,0.09166666666666667,0.43333333333333335,0.09166666666666667,0.15934523809523812,0.4257638888888888
157,2/4/2012,26-72,1,-0.05,0.4625,-0.05,0.01972870879120879,0.2906366914780376
158,2/4/2012,26-72,1,0.21666666666666667,0.35000000000000003,0.21666666666666667,0.01972870879120879,0.2906366914780376
159,2/4/2012,26-72,1,0.26666666666666666,0.43333333333333335,0.26666666666666666,0.01972870879120879,0.2906366914780376
160,2/4/2012,26-72,1,-0.1,0.3,-0.1,0.01972870879120879,0.2906366914780376
161,2/4/2012,26-72,1,-0.1,0.3,-0.1,0.01972870879120879,0.2906366914780376
162,2/2/2012,26-73,1,0.016666666666666663,0.3111111111111111,0.016666666666666663,0.11916093166093164,0.4375639792306459
163,2/2/2012,26-73,1,-0.1,0.3,-0.1,0.11916093166093164,0.4375639792306459
164,1/10/2012,26-77,1,0.075,0.31666666666666665,0.075,0.0708110704399767,0.26943882867710994
165,1/10/2012,26-77,1,-0.03333333333333333,0.13333333333333333,-0.03333333333333333,0.0708110704399767,0.26943882867710994
166,1/10/2012,26-77,1,-0.1,0.3,-0.1,0.0708110704399767,0.26943882867710994
167,3/28/2016,29-17,1,-0.1,0.3,-0.1,-0.006045751633986927,0.23202614379084968
168,4/11/2016,29-31,1,-0.1,0.3,-0.1,0.16076388888888887,0.45042857142857134
169,5/25/2016,29-75,1,-0.1,0.3,-0.1,0.07427884615384615,0.4806089743589743
170,5/25/2016,29-75,1,-0.04,0.28,-0.04,0.07427884615384615,0.4806089743589743
171,5/25/2016,29-75,1,0.12142857142857146,0.6238095238095238,0.12142857142857146,0.07427884615384615,0.4806089743589743
172,5/25/2016,29-75,1,-0.06666666666666665,0.5833333333333334,-0.06666666666666665,0.07427884615384615,0.4806089743589743
173,5/25/2016,29-75,1,-0.007692307692307694,0.26538461538461544,-0.007692307692307694,0.07427884615384615,0.4806089743589743
174,5/25/2016,29-75,1,0.1825,0.54,0.1825,0.07427884615384615,0.4806089743589743
175,6/2/2016,29-83,1,0.14444444444444446,0.5666666666666667,0.14444444444444446,-0.024175824175824184,0.1828754578754579
176,6/10/2016,29-91,1,0.11666666666666665,0.4666666666666667,0.11666666666666665,-0.1858974358974359,0.4273504273504274
177,6/11/2016,29-92,1,0.05,0.3,0.05,-0.2307692307692308,0.4615384615384616
178,6/26/2016,29-107,1,0.15,0.4222222222222222,0.15,0.019935775335775337,0.2567919413919414
179,6/26/2016,29-107,1,0.033333333333333326,0.5666666666666667,0.033333333333333326,0.019935775335775337,0.2567919413919414
180,8/14/2016,29-156,1,0.030000000000000006,0.29000000000000004,0.030000000000000006,0.10925551470588235,0.39178921568627456
182,8/20/2016,29-162,1,-0.1,0.3,-0.1,0.012301587301587301,0.28772675736961456
183,8/27/2016,29-169,1,0.20000000000000004,0.26666666666666666,0.20000000000000004,0.013580246913580249,0.4070987654320988
184,8/27/2016,29-169,1,0.25,0.6,0.25,0.013580246913580249,0.4070987654320988
185,8/27/2016,29-169,1,0.2,0.65,0.2,0.013580246913580249,0.4070987654320988
186,9/9/2016,29-182,1,-0.1,0.3,-0.1,0.14862433862433863,0.4171957671957672
187,9/9/2016,29-182,1,-0.1,0.3,-0.1,0.14862433862433863,0.4171957671957672
188,9/12/2016,29-185,1,-0.1,0.3,-0.1,-0.039999999999999994,0.29238095238095235
189,9/12/2016,29-185,1,-0.1,0.3,-0.1,-0.039999999999999994,0.29238095238095235
190,9/12/2016,29-185,1,-0.1,0.3,-0.1,-0.039999999999999994,0.29238095238095235
191,9/12/2016,29-185,1,-0.1,0.3,-0.1,-0.039999999999999994,0.29238095238095235
192,9/12/2016,29-185,1,-0.1,0.3,-0.1,-0.039999999999999994,0.29238095238095235
193,9/12/2016,29-185,1,-0.1,0.3,-0.1,-0.039999999999999994,0.29238095238095235
194,9/12/2016,29-185,1,-0.1,0.3,-0.1,-0.039999999999999994,0.29238095238095235
195,9/12/2016,29-185,1,-0.1,0.3,-0.1,-0.039999999999999994,0.29238095238095235
196,9/12/2016,29-185,1,-0.1,0.3,-0.1,-0.039999999999999994,0.29238095238095235
197,9/12/2016,29-185,1,-0.1,0.3,-0.1,-0.039999999999999994,0.29238095238095235
198,9/12/2016,29-185,1,-0.06666666666666668,0.15,-0.06666666666666668,-0.039999999999999994,0.29238095238095235
199,9/12/2016,29-185,1,-0.1,0.3,-0.1,-0.039999999999999994,0.29238095238095235
200,9/12/2016,29-185,1,-0.1,0.3,-0.1,-0.039999999999999994,0.29238095238095235
201,9/12/2016,29-185,1,-0.13078703703703706,0.388425925925926,-0.13078703703703706,-0.039999999999999994,0.29238095238095235
202,9/12/2016,29-185,1,-0.1,0.3,-0.1,-0.039999999999999994,0.29238095238095235
203,9/12/2016,29-185,1,-0.1,0.3,-0.1,-0.039999999999999994,0.29238095238095235
204,9/12/2016,29-185,1,-0.1,0.3,-0.1,-0.039999999999999994,0.29238095238095235
205,9/14/2016,29-187,1,-0.1,0.3,-0.1,0.0,0.0
206,9/14/2016,29-187,1,-0.1,0.3,-0.1,0.0,0.0
208,10/9/2016,29-212,1,0.3,0.4500000000000001,0.3,0.17039177489177487,0.3768513708513709
209,10/20/2016,29-223,1,0.12777777777777774,0.4055555555555556,0.12777777777777774,0.10131172839506172,0.32689043209876545
210,11/14/2016,29-248,1,0.30000000000000004,0.5499999999999999,0.30000000000000004,0.28733766233766234,0.5717532467532467
211,11/16/2016,29-250,1,-0.1,0.3,-0.1,0.17434640522875816,0.42320261437908496
212,11/18/2016,29-252,1,-0.1,0.3,-0.1,0.08660404265873013,0.2892919146825397
213,11/18/2016,29-252,1,0.1,0.25,0.1,0.08660404265873013,0.2892919146825397
214,11/23/2016,29-257,1,0.3,0.7000000000000001,0.3,-0.029999999999999992,0.34249999999999997
215,11/23/2016,29-257,1,-0.1,0.3,-0.1,-0.029999999999999992,0.34249999999999997
216,11/25/2016,29-259,1,-0.05813492063492065,0.34841269841269845,-0.05813492063492065,-0.02,0.1
217,11/25/2016,29-259,1,0.4190476190476191,0.6238095238095238,0.4190476190476191,-0.02,0.1
218,11/28/2016,29-262,1,0.2276666666666667,0.6866666666666666,0.2276666666666667,0.25,0.24
219,11/29/2016,29-263,1,0.2,0.4,0.2,0.20740740740740743,0.31296296296296294
220,11/29/2016,29-263,1,-0.05,0.2125,-0.05,0.20740740740740743,0.31296296296296294
221,11/29/2016,29-263,1,-0.1,0.3,-0.1,0.20740740740740743,0.31296296296296294
222,11/29/2016,29-263,1,-0.1,0.3,-0.1,0.20740740740740743,0.31296296296296294
223,11/30/2016,29-264,1,-0.1,0.3,-0.1,0.07759844322344324,0.3756639194139194
224,12/1/2016,29-265,1,-0.125,0.3,-0.125,0.196875,0.3229552469135803
225,12/8/2016,29-272,1,0.075,0.65,0.075,0.03425,0.33808333333333335
226,12/9/2016,29-273,1,0.05,0.7666666666666666,0.05,0.24664754689754692,0.48423520923520924
227,12/9/2016,29-273,1,0.15000000000000002,0.35,0.15000000000000002,0.24664754689754692,0.48423520923520924
228,12/9/2016,29-273,1,-0.1,0.3,-0.1,0.24664754689754692,0.48423520923520924
229,12/12/2016,29-276,1,0.07222222222222223,0.5263888888888889,0.07222222222222223,-0.03916666666666667,0.29194444444444445
230,12/13/2016,29-277,1,0.2,0.4,0.2,0.07857142857142858,0.18095238095238095
231,12/14/2016,29-278,1,0.13333333333333333,0.2888888888888889,0.13333333333333333,0.13134920634920635,0.3313492063492064
232,12/14/2016,29-278,1,-0.1,0.3,-0.1,0.13134920634920635,0.3313492063492064
233,12/14/2016,29-278,1,0.0,0.35,0.0,0.13134920634920635,0.3313492063492064
234,12/14/2016,29-278,1,-0.125,0.3,-0.125,0.13134920634920635,0.3313492063492064
235,12/15/2016,29-279,1,-0.08571428571428573,0.2571428571428571,-0.08571428571428573,0.4875,0.625
236,12/16/2016,29-280,1,0.3875,0.5875,0.3875,0.1875,0.36250000000000004
237,12/17/2016,29-281,1,-0.05,0.65,-0.05,0.06,0.2
238,12/17/2016,29-281,1,0.15,0.4166666666666667,0.15,0.06,0.2
239,12/17/2016,29-281,1,-0.1,0.3,-0.1,0.06,0.2
240,12/22/2016,29-286,1,-0.06666666666666668,0.3333333333333333,-0.06666666666666668,0.1359225016436555,0.37272500469615866
241,12/28/2016,29-292,1,0.16999999999999998,0.61,0.16999999999999998,0.2531856261022928,0.4893298059964727
242,12/29/2016,29-293,1,-0.1,0.3,-0.1,0.2989318269806075,0.43225372188786826
243,12/29/2016,29-293,1,0.08409090909090908,0.4136363636363637,0.08409090909090908,0.2989318269806075,0.43225372188786826
244,12/29/2016,29-293,1,-0.054545454545454564,0.3848484848484848,-0.054545454545454564,0.2989318269806075,0.43225372188786826
245,1/4/2017,29-299,1,-0.125,0.3,-0.125,0.06093749999999999,0.25312500000000004
246,1/4/2017,29-299,1,-0.1125,0.3375,-0.1125,0.06093749999999999,0.25312500000000004
247,1/4/2017,29-299,1,-0.1,0.3,-0.1,0.06093749999999999,0.25312500000000004
248,1/4/2017,29-299,1,0.30892857142857144,0.6714285714285715,0.30892857142857144,0.06093749999999999,0.25312500000000004
249,1/4/2017,29-299,1,0.0,0.25,0.0,0.06093749999999999,0.25312500000000004
250,1/4/2017,29-299,1,-0.125,0.3,-0.125,0.06093749999999999,0.25312500000000004
251,1/4/2017,29-299,1,-0.1,0.3,-0.1,0.06093749999999999,0.25312500000000004
252,1/7/2017,29-302,1,-0.08888888888888889,0.15555555555555556,-0.08888888888888889,0.037384259259259256,0.30092592592592593
253,1/7/2017,29-302,1,-0.1,0.3,-0.1,0.037384259259259256,0.30092592592592593
254,1/8/2017,29-303,1,-0.1,0.3,-0.1,0.125,0.1375
255,1/8/2017,29-303,1,0.2,0.3666666666666667,0.2,0.125,0.1375
256,1/10/2017,29-305,1,0.075,0.65,0.075,0.4161871693121693,0.46732855107855104
257,1/13/2017,29-308,1,-0.1,0.3,-0.1,-0.040945600584154807,0.34005861831163026
258,1/13/2017,29-308,1,-0.1,0.3,-0.1,-0.040945600584154807,0.34005861831163026
259,1/18/2017,29-313,1,0.45,0.3,0.45,0.20870535714285712,0.30089285714285713
260,1/18/2017,29-313,1,-0.1,0.3,-0.1,0.20870535714285712,0.30089285714285713
261,1/20/2017,29-315,1,-0.004166666666666666,0.43333333333333335,-0.004166666666666666,0.14067676767676768,0.28244444444444444
262,1/21/2017,29-316,1,0.11805555555555555,0.4263888888888889,0.11805555555555555,0.03452380952380952,0.30882936507936504
263,1/21/2017,29-316,1,-0.0007913961038961102,0.3956574675324675,-0.0007913961038961102,0.03452380952380952,0.30882936507936504
264,1/24/2017,29-319,1,0.15,0.425,0.15,0.17879818594104308,0.41848072562358274
265,1/24/2017,29-319,1,-0.11,0.255,-0.11,0.17879818594104308,0.41848072562358274
266,1/26/2017,29-321,1,0.09285714285714283,0.4178571428571428,0.09285714285714283,0.3160897435897435,0.3317948717948717
267,1/26/2017,29-321,1,0.13333333333333333,0.4000000000000001,0.13333333333333333,0.3160897435897435,0.3317948717948717
268,1/26/2017,29-321,1,0.45,0.3,0.45,0.3160897435897435,0.3317948717948717
269,2/15/2017,29-341,1,-0.1,0.3,-0.1,0.2948660714285714,0.4541666666666667
270,2/15/2017,29-341,1,-0.1,0.3,-0.1,0.2948660714285714,0.4541666666666667
271,2/23/2017,29-349,1,0.2,0.4,0.2,0.1513736263736264,0.24945054945054942
272,3/17/2017,29-371,1,-0.1,0.3,-0.1,0.09583333333333334,0.2725694444444445
273,4/10/2017,29-395,1,0.03666666666666667,0.4766666666666667,0.03666666666666667,0.0734906462585034,0.341921768707483
274,4/10/2017,29-395,1,-0.1,0.3,-0.1,0.0734906462585034,0.341921768707483
275,12/31/2014,33-39,1,-0.13333333333333333,0.3666666666666667,-0.13333333333333333,0.030172413793103457,0.25807881773399016
276,12/31/2014,33-39,1,-0.1,0.3,-0.1,0.030172413793103457,0.25807881773399016
277,1/2/2015,33-42,1,-0.15555555555555556,0.37777777777777777,-0.15555555555555556,0.013794406651549506,0.3219807676156882
278,1/2/2015,33-78,1,0.0,0.2333333333333333,0.0,0.011183159396742075,0.2093886441278173
279,12/31/2014,33-79,1,0.0,0.5833333333333334,0.0,0.05845837675698789,0.2518882926837473
280,1/2/2015,33-86,1,-0.05,0.15,-0.05,0.06052354042038506,0.29424919560841895
281,1/2/2015,33-94,1,0.253125,0.6499999999999999,0.253125,0.09847080498866209,0.30775917841363365
282,3/14/2013,46-3,1,-0.1,0.3,-0.1,0.12004704330461904,0.5138576530091681
283,2/28/2013,46-7,1,0.15000000000000002,0.55,0.15000000000000002,0.026520562770562757,0.36332341269841273
284,2/28/2013,46-7,1,-0.05,0.15,-0.05,0.026520562770562757,0.36332341269841273
285,9/18/2011,46-19,1,0.15000000000000002,0.35,0.15000000000000002,0.13823717948717945,0.5464726495726497
286,9/18/2011,46-19,1,0.1625,0.525,0.1625,0.13823717948717945,0.5464726495726497
287,9/18/2011,46-19,1,0.042857142857142864,0.3845238095238095,0.042857142857142864,0.13823717948717945,0.5464726495726497
288,9/18/2011,46-19,1,-0.03333333333333333,0.18333333333333332,-0.03333333333333333,0.13823717948717945,0.5464726495726497
289,9/18/2011,46-19,1,-0.075,0.26666666666666666,-0.075,0.13823717948717945,0.5464726495726497
290,9/18/2011,46-19,1,0.00833333333333334,0.5314814814814814,0.00833333333333334,0.13823717948717945,0.5464726495726497
291,9/18/2011,46-19,1,0.25,0.65,0.25,0.13823717948717945,0.5464726495726497
292,9/18/2011,46-19,1,0.18,0.5199999999999999,0.18,0.13823717948717945,0.5464726495726497
293,9/18/2011,46-19,1,-0.325,0.25,-0.325,0.13823717948717945,0.5464726495726497
294,9/18/2011,46-19,1,-0.02,0.28500000000000003,-0.02,0.13823717948717945,0.5464726495726497
295,9/18/2011,46-19,1,-0.1,0.3,-0.1,0.13823717948717945,0.5464726495726497
296,10/22/2011,46-20,1,-0.03333333333333333,0.4749999999999999,-0.03333333333333333,0.01579471664698938,0.31854707792207787
297,10/22/2011,46-20,1,-0.05,0.65,-0.05,0.01579471664698938,0.31854707792207787
298,10/22/2011,46-20,1,-0.11666666666666665,0.3333333333333333,-0.11666666666666665,0.01579471664698938,0.31854707792207787
299,10/22/2011,46-20,1,-0.10357142857142856,0.4357142857142857,-0.10357142857142856,0.01579471664698938,0.31854707792207787
300,3/9/2011,46-25,1,0.2,0.4,0.2,-0.03676398508898509,0.4322183742183742
301,2/4/2015,48-6,1,-0.1,0.3,-0.1,0.055658090828924166,0.3883633237133237
302,11/23/2014,48-20,1,-0.019999999999999973,0.5133333333333333,-0.019999999999999973,0.07683688523742287,0.4485238561717056
303,11/23/2014,48-20,1,0.18333333333333326,0.325,0.18333333333333326,0.07683688523742287,0.4485238561717056
304,11/23/2014,48-20,1,-0.3,0.6,-0.3,0.07683688523742287,0.4485238561717056
305,11/12/2014,48-22,1,0.27222222222222225,0.7296296296296297,0.27222222222222225,0.08605201928118594,0.4148747394580726
306,11/12/2014,48-22,1,0.06363636363636363,0.4227272727272727,0.06363636363636363,0.08605201928118594,0.4148747394580726
307,11/3/2014,48-24,1,-0.2,0.44375,-0.2,0.14055989583333334,0.2688715277777778
308,11/3/2014,48-24,1,-0.1,0.3,-0.1,0.14055989583333334,0.2688715277777778
309,11/3/2014,48-24,1,-0.05,0.4,-0.05,0.14055989583333334,0.2688715277777778
310,11/3/2014,48-24,1,0.25,0.7333333333333334,0.25,0.14055989583333334,0.2688715277777778
311,11/3/2014,48-24,1,0.3,0.55,0.3,0.14055989583333334,0.2688715277777778
312,11/3/2014,48-24,1,0.2,0.4,0.2,0.14055989583333334,0.2688715277777778
313,11/3/2014,48-24,1,-0.175,0.4,-0.175,0.14055989583333334,0.2688715277777778
314,10/9/2015,66-3,1,0.05,0.35,0.05,0.02415072653444746,0.3292573576294507
315,10/9/2015,66-3,1,0.2047619047619048,0.5142857142857142,0.2047619047619048,0.02415072653444746,0.3292573576294507
316,10/1/2015,66-4,1,0.06000000000000001,0.5933333333333334,0.06000000000000001,-0.011539502164502164,0.22095508658008658
317,10/1/2015,66-4,1,-0.08666666666666667,0.24,-0.08666666666666667,-0.011539502164502164,0.22095508658008658
318,10/1/2015,66-4,1,0.125,0.425,0.125,-0.011539502164502164,0.22095508658008658
319,10/1/2015,66-4,1,0.1,0.25,0.1,-0.011539502164502164,0.22095508658008658
320,10/1/2015,66-4,1,-0.05,0.15,-0.05,-0.011539502164502164,0.22095508658008658
321,8/30/2014,66-18,1,-0.1,0.3,-0.1,0.02047093606876215,0.3114610912436999
322,8/30/2014,66-18,1,0.03333333333333333,0.2,0.03333333333333333,0.02047093606876215,0.3114610912436999
323,10/30/2009,69-9,1,-0.03333333333333333,0.2923076923076923,-0.03333333333333333,0.10029914529914531,0.3599528557861891
324,10/30/2009,69-9,1,-0.1,0.3,-0.1,0.10029914529914531,0.3599528557861891
325,10/30/2009,69-9,1,0.3666666666666667,0.4666666666666667,0.3666666666666667,0.10029914529914531,0.3599528557861891
326,10/30/2009,69-9,1,-0.1,0.3,-0.1,0.10029914529914531,0.3599528557861891
327,10/30/2009,69-9,1,-0.1,0.3,-0.1,0.10029914529914531,0.3599528557861891
328,10/30/2009,69-9,1,-0.1,0.3,-0.1,0.10029914529914531,0.3599528557861891
329,10/30/2009,69-9,1,0.05,0.20897435897435895,0.05,0.10029914529914531,0.3599528557861891
330,10/30/2009,69-9,1,-0.1,0.3,-0.1,0.10029914529914531,0.3599528557861891
331,10/30/2009,69-9,1,-0.05,0.2,-0.05,0.10029914529914531,0.3599528557861891
332,10/30/2009,69-9,1,0.4000000000000001,0.6833333333333332,0.4000000000000001,0.10029914529914531,0.3599528557861891
333,10/30/2009,69-9,1,-0.1,0.3,-0.1,0.10029914529914531,0.3599528557861891
